"id","group_id","foo","bar"
1,1,0.168070432031527,a
2,1,0.720725566381589,b
3,1,0.00718893227167428,a
4,1,0.578129259170964,b
5,1,0.0203636649530381,a
6,2,0.052532258676365,b
7,2,0.69470279221423,a
8,2,0.150686452863738,b
9,2,0.707716345088556,a
10,2,0.678730869432911,b
